{"hits":1058,"errors":11,"error_rate":0.010396975425330813,"avg_latency_ms":54.85444234404537,"p95_latency_ms":102.09999999999995,"max_latency_ms":540,"source":"hourly"}