{"hits":808,"errors":43,"error_rate":0.053217821782178217,"avg_latency_ms":272.65346534653463,"p95_latency_ms":450.0,"max_latency_ms":1492,"source":"hourly"}