{"hits":2271,"errors":110,"error_rate":0.048436811977102597,"avg_latency_ms":267.53720827829153,"p95_latency_ms":446.99999999999994,"max_latency_ms":1494,"source":"hourly"}