{"hits":740,"errors":38,"error_rate":0.051351351351351354,"avg_latency_ms":271.00945945945944,"p95_latency_ms":95.99999999999999,"max_latency_ms":1494,"source":"hourly"}