{"hits":57,"errors":4,"error_rate":0.07017543859649122,"avg_latency_ms":269.7719298245614,"p95_latency_ms":749.8999999999996,"max_latency_ms":1298,"source":"hourly"}