{"hits":785,"errors":37,"error_rate":0.04713375796178344,"avg_latency_ms":261.4254777070064,"p95_latency_ms":446.99999999999994,"max_latency_ms":1480,"source":"hourly"}