{"hits":261,"errors":6,"error_rate":0.022988505747126436,"avg_latency_ms":245.53639846743295,"p95_latency_ms":95.99999999999999,"max_latency_ms":1331,"source":"hourly"}